proxy,country,region
84.17.47.150:9002,Netherlands,North Holland
84.17.43.225:9443,France,Île-de-France
84.17.47.123:9002,Netherlands,North Holland
158.173.154.78:9002,Germany,Hesse
158.173.154.84:9002,Germany,Hesse
158.173.154.85:9002,Germany,Hesse
158.173.154.47:9002,Germany,Hesse
51.158.194.16:14287,Netherlands,North Holland
173.249.37.45:5006,France,Grand Est
84.17.50.214:9443,United Kingdom,England
158.173.154.51:9002,Germany,Hesse
46.229.243.221:443,Netherlands,North Holland
89.111.30.250:443,Latvia,Vidzeme
84.239.49.251:9002,Romania,Ilfov
84.239.49.249:9002,Romania,Ilfov
84.239.49.229:9002,Romania,Ilfov
84.239.49.157:9002,Romania,Ilfov
84.239.49.247:9002,Romania,Ilfov
84.239.49.213:9002,Romania,Ilfov
84.239.49.50:9002,Romania,Ilfov
84.239.49.51:9002,Romania,Ilfov
84.239.49.188:9002,Romania,Ilfov
84.239.49.201:9002,Romania,Ilfov
84.239.14.150:9002,Romania,Ilfov
84.239.49.210:9002,Romania,Ilfov
84.239.49.62:9002,Romania,Ilfov
84.239.49.60:9002,Romania,Ilfov
84.239.49.176:9002,Romania,Ilfov
84.239.49.233:9002,Romania,Ilfov
84.239.49.177:9002,Romania,Ilfov
84.239.49.178:9002,Romania,Ilfov
84.239.14.153:9002,Romania,Ilfov
84.239.49.58:9002,Romania,Ilfov
84.239.49.59:9002,Romania,Ilfov
84.239.14.169:9002,Romania,Ilfov
89.111.27.219:443,Latvia,Vidzeme
84.239.49.191:9002,Romania,Ilfov
84.239.49.235:9002,Romania,Ilfov
193.176.84.18:9002,Romania,Bucharest
84.239.14.163:9002,Romania,Ilfov
193.176.84.38:9002,Romania,Bucharest
165.231.141.122:9443,Estonia,Harju maakond
84.239.49.171:9002,Romania,Ilfov
84.239.49.200:9002,Romania,Ilfov
84.239.49.41:9002,Romania,Ilfov
107.152.33.202:8888,United States,Illinois
185.219.157.127:443,Latvia,Vidzeme
193.176.84.37:9002,Romania,Bucharest
84.239.49.155:9002,Romania,Ilfov
173.249.37.45:5051,France,Grand Est
165.231.141.138:443,Estonia,Harju maakond
156.146.59.4:9002,United States,New York
156.146.59.11:9002,United States,New York
156.146.59.16:9002,United States,New York
156.146.59.34:9002,United States,New York
156.146.59.29:9002,United States,New York
193.176.84.20:9002,Romania,Bucharest
37.120.213.194:9443,Switzerland,Zurich
206.188.212.65:8443,United States,Georgia
84.239.49.205:9002,Romania,Ilfov
206.188.208.117:8447,United States,Georgia
193.176.84.16:9002,Romania,Bucharest
74.103.66.15:443,United States,Maryland
138.199.35.213:9002,United States,California
138.199.35.198:9002,United States,California
138.199.35.207:9002,United States,California
3.79.194.222:38664,United States,Washington
206.188.208.83:8447,United States,Georgia
51.79.173.71:443,Singapore,Southeast
84.239.49.240:9002,Romania,Ilfov
156.146.59.8:9002,United States,New York
37.203.37.86:443,Latvia,Vidzeme
20.78.213.56:443,Japan,Tokyo
47.242.121.18:8443,Hong Kong,Hong Kong
128.199.207.200:443,Singapore,Southeast
47.243.181.85:42536,Taiwan,Taipei City
203.189.96.232:443,Japan,Tokyo
84.239.49.226:9002,Romania,Ilfov
3.137.167.45:10801,Romania,Hunedoara
114.55.114.43:8095,China,Zhejiang
47.243.181.85:41317,Taiwan,Taoyuan City
47.243.181.85:41695,United States,Indiana
18.192.100.176:8080,United States,Washington
85.215.50.161:443,Germany,Berlin
47.243.181.85:41689,United States,California
84.239.49.166:9002,Romania,Ilfov
181.215.52.30:443,Canada,Ontario
47.243.181.85:41714,United States,Georgia
84.239.14.172:9002,Romania,Ilfov
84.239.14.164:9002,Romania,Ilfov
64.181.235.123:3128,United States,California
47.243.181.85:41803,Brazil,State of São Paulo
154.26.182.140:3128,United States,California
84.239.49.192:9002,Romania,Ilfov
51.159.225.196:23856,Netherlands,North Holland
89.105.200.65:443,Netherlands,Gelderland
158.173.154.53:9002,Germany,Hesse
84.239.49.209:9002,Romania,Ilfov
158.173.154.69:9002,Germany,Hesse
84.239.49.53:9002,Romania,Ilfov
35.205.61.211:3128,Belgium,Brussels-Capital
84.239.49.243:9002,Romania,Ilfov
84.239.49.43:9002,Romania,Ilfov
195.123.211.248:443,Latvia,Vidzeme
158.173.154.4:9002,Germany,Hesse
158.173.154.55:9002,Germany,Hesse
37.203.37.93:443,Latvia,Vidzeme
84.239.49.56:9002,Romania,Ilfov
37.203.37.9:443,Latvia,Vidzeme
84.239.49.198:9002,Romania,Ilfov
89.111.27.213:443,Latvia,Vidzeme
84.239.49.187:9002,Romania,Ilfov
84.239.49.230:9002,Romania,Ilfov
23.106.56.54:6157,United Kingdom,England
193.176.84.22:9002,Romania,Bucharest
181.215.52.192:9443,Canada,Ontario
84.239.14.158:9002,Romania,Ilfov
158.173.154.75:9002,Germany,Hesse
84.239.49.242:9002,Romania,Ilfov
84.239.49.186:9002,Romania,Ilfov
5.255.97.220:443,Netherlands,Flevoland
84.239.14.148:9002,Romania,Ilfov
158.173.154.46:9002,Germany,Hesse
84.239.49.253:9002,Romania,Ilfov
84.239.49.47:9002,Romania,Ilfov
156.146.59.10:9002,United States,New York
89.111.26.249:443,Latvia,Vidzeme
84.239.49.165:9002,Romania,Ilfov
84.239.49.212:9002,Romania,Ilfov
89.111.31.250:443,Latvia,Vidzeme
156.146.59.44:9002,United States,New York
156.146.59.30:9002,United States,New York
89.111.30.87:443,Latvia,Vidzeme
156.146.59.31:9002,United States,New York
158.173.154.58:9002,Germany,Hesse
89.111.31.237:443,Latvia,Vidzeme
45.134.217.27:8443,Germany,Hesse
156.146.59.19:9002,United States,New York
156.146.59.43:9002,United States,New York
156.146.59.40:9002,United States,New York
84.239.49.236:9002,Romania,Ilfov
193.176.84.21:9002,Romania,Bucharest
181.215.52.16:9443,Canada,Ontario
156.146.59.33:9002,United States,New York
89.111.27.221:443,Latvia,Vidzeme
205.178.136.146:8443,United States,Georgia
193.176.84.40:9002,Romania,Bucharest
47.240.86.21:3128,Hong Kong,Hong Kong
156.146.59.3:9002,United States,New York
193.176.84.35:9002,Romania,Bucharest
84.17.50.129:9443,United Kingdom,England
158.173.154.67:9002,Germany,Hesse
206.188.204.147:8443,United States,Georgia
84.239.49.179:9002,Romania,Ilfov
84.239.49.160:9002,Romania,Ilfov
89.111.28.83:443,Latvia,Vidzeme
84.239.14.174:9002,Romania,Ilfov
37.203.37.99:443,Latvia,Vidzeme
84.239.49.182:9002,Romania,Ilfov
158.173.154.60:9002,Germany,Hesse
158.173.154.62:9002,Germany,Hesse
37.203.37.5:443,Latvia,Vidzeme
103.100.159.145:443,Japan,Tokyo
108.181.18.175:4001,United States,California
89.111.26.250:443,Latvia,Vidzeme
89.111.31.243:443,Latvia,Vidzeme
129.151.160.199:443,South Africa,Gauteng
45.80.69.38:3129,Russia,Saint Petersburg
45.114.142.178:443,India,Telangana
156.146.59.7:9002,United States,New York
35.180.127.14:1001,United States,California
84.239.14.157:9002,Romania,Ilfov
84.239.49.208:9002,Romania,Ilfov
156.146.59.12:9002,United States,New York
84.239.49.254:9002,Romania,Ilfov
84.239.49.204:9002,Romania,Ilfov
84.239.49.228:9002,Romania,Ilfov
84.239.49.238:9002,Romania,Ilfov
148.233.136.213:443,Mexico,Hidalgo
37.203.37.84:443,Latvia,Vidzeme
37.203.37.92:443,Latvia,Vidzeme
47.243.181.85:41804,Brazil,Ceará
47.243.181.85:41690,United States,Mississippi
138.199.35.209:9002,United States,California
47.243.181.85:41709,United Kingdom,England
89.111.30.89:443,Latvia,Vidzeme
84.17.57.113:443,Hong Kong,Hong Kong
193.176.84.29:9002,Romania,Bucharest
84.239.49.223:9002,Romania,Ilfov
47.243.181.85:41795,Brazil,State of Bahia
205.178.136.127:8443,United States,Georgia
47.243.181.85:55002,Taiwan,Taiwan Province
84.239.49.55:9002,Romania,Ilfov
84.239.14.167:9002,Romania,Ilfov
37.203.37.91:443,Latvia,Vidzeme
95.40.79.184:76,Germany,Bavaria
193.176.84.30:9002,Romania,Bucharest
158.173.154.54:9002,Germany,Hesse
37.203.37.108:443,Latvia,Vidzeme
54.37.72.89:443,Germany,Saarland
51.158.202.56:443,Netherlands,North Holland
84.239.49.39:9002,Romania,Ilfov
37.203.37.82:443,Latvia,Vidzeme
84.239.49.40:9002,Romania,Ilfov
84.17.47.148:9002,Netherlands,North Holland
158.173.154.72:9002,Germany,Hesse
84.239.49.222:9002,Romania,Ilfov
158.173.154.65:9002,Germany,Hesse
37.120.233.18:9443,United Kingdom,England
89.111.31.105:443,Latvia,Vidzeme
84.239.49.217:9002,Romania,Ilfov
89.111.27.35:443,Latvia,Vidzeme
158.173.154.5:9002,Germany,Hesse
158.173.154.64:9002,Germany,Hesse
37.203.37.81:443,Latvia,Vidzeme
158.173.154.61:9002,Germany,Hesse
84.239.49.44:9002,Romania,Ilfov
89.111.27.215:443,Latvia,Vidzeme
158.173.154.68:9002,Germany,Hesse
156.146.59.18:9002,United States,New York
84.239.49.203:9002,Romania,Ilfov
84.239.49.185:9002,Romania,Ilfov
193.176.84.23:9002,Romania,Bucharest
84.239.49.248:9002,Romania,Ilfov
84.239.49.175:9002,Romania,Ilfov
89.111.31.240:443,Latvia,Vidzeme
158.173.154.66:9002,Germany,Hesse
84.239.49.231:9002,Romania,Ilfov
37.203.37.95:443,Latvia,Vidzeme
84.239.14.149:9002,Romania,Ilfov
156.146.59.6:9002,United States,New York
138.199.35.199:9002,United States,California
89.111.31.242:443,Latvia,Vidzeme
156.146.59.25:9002,United States,New York
84.17.47.124:9002,Netherlands,North Holland
87.249.132.97:9443,Germany,Hesse
156.146.59.14:9002,United States,New York
181.215.52.25:9443,Canada,Ontario
156.146.59.41:9002,United States,New York
84.17.50.157:9443,United Kingdom,England
158.173.154.52:9002,Germany,Hesse
84.239.14.175:9002,Romania,Ilfov
138.199.35.205:9002,United States,California
84.239.49.173:9002,Romania,Ilfov
205.178.186.166:8447,United States,Georgia
84.239.14.159:9002,Romania,Ilfov
138.199.35.202:9002,United States,California
84.239.49.239:9002,Romania,Ilfov
84.239.49.61:9002,Romania,Ilfov
84.239.49.161:9002,Romania,Ilfov
138.199.35.204:9002,United States,California
89.208.248.61:8443,United States,California
84.239.49.234:9002,Romania,Ilfov
89.111.30.182:443,Latvia,Vidzeme
84.239.49.45:9002,Romania,Ilfov
89.111.30.251:443,Latvia,Vidzeme
89.124.11.13:443,Republic of Lithuania,Vilnius County
84.239.14.173:9002,Romania,Ilfov
84.239.49.48:9002,Romania,Ilfov
37.120.215.162:9443,United States,Florida
20.205.138.223:443,Hong Kong,Hong Kong
84.239.49.154:9002,Romania,Ilfov
156.146.59.23:9002,United States,New York
205.178.186.17:8447,United States,Georgia
84.239.49.170:9002,Romania,Ilfov
84.239.14.152:9002,Romania,Ilfov
51.159.226.126:16684,Netherlands,North Holland
37.120.147.146:9443,United States,Nevada
138.199.35.212:9002,United States,California
84.239.49.215:9002,Romania,Ilfov
89.111.28.79:443,Latvia,Vidzeme
31.171.155.210:9443,Albania,Central Albania
158.173.154.74:9002,Germany,Hesse
134.65.238.25:3128,Brazil,State of Minas Gerais
84.239.49.183:9002,Romania,Ilfov
84.239.49.172:9002,Romania,Ilfov
84.239.49.232:9002,Romania,Ilfov
37.203.37.102:443,Latvia,Vidzeme
84.239.49.54:9002,Romania,Ilfov
193.176.84.17:9002,Romania,Bucharest
156.146.59.13:9002,United States,New York
23.106.249.52:2569,Singapore,Southeast
84.239.14.147:9002,Romania,Ilfov
84.239.49.250:9002,Romania,Ilfov
46.229.243.220:443,Netherlands,North Holland
47.243.181.85:28085,Hong Kong,Hong Kong
5.189.184.6:443,France,Grand Est
47.243.181.85:41408,Japan,Tokyo
84.239.14.166:9002,Romania,Ilfov
138.199.35.219:9002,United States,California
185.53.129.141:9090,Netherlands,North Holland
156.146.59.2:9002,United States,New York
23.106.56.43:19881,United Kingdom,England
138.199.35.203:9002,United States,California
156.146.59.20:9002,United States,New York
138.199.35.201:9002,United States,California
158.173.154.79:9002,Germany,Hesse
23.106.56.52:15767,United Kingdom,England
84.239.49.193:9002,Romania,Ilfov
165.231.141.74:9443,Estonia,Harju maakond
47.243.181.85:41402,Japan,Kanagawa Prefecture
89.111.28.82:443,Latvia,Vidzeme
158.173.154.70:9002,Germany,Hesse
51.159.226.126:443,Netherlands,North Holland
84.239.49.156:9002,Romania,Ilfov
89.111.27.216:443,Latvia,Vidzeme
23.106.249.34:21125,Singapore,Southeast
205.178.137.86:8447,United States,Georgia
206.188.212.165:8443,United States,Georgia
47.243.181.85:41310,Taiwan,Taiwan Province
156.146.59.9:9002,United States,New York
51.38.191.151:443,France,Île-de-France
37.203.37.80:443,Latvia,Vidzeme
181.215.52.122:9443,Canada,Ontario
156.146.59.32:9002,United States,New York
156.146.59.46:9002,United States,New York
84.17.47.146:9002,Netherlands,North Holland
51.158.194.107:14287,Netherlands,North Holland
37.203.37.4:443,Latvia,Vidzeme
84.239.49.37:9002,Romania,Ilfov
84.239.49.190:9002,Romania,Ilfov
89.111.31.102:443,Latvia,Vidzeme
158.173.154.77:9002,Germany,Hesse
89.111.31.249:443,Latvia,Vidzeme
152.228.163.79:443,France,Nouvelle-Aquitaine
84.239.49.207:9002,Romania,Ilfov
158.173.154.57:9002,Germany,Hesse
89.111.30.183:443,Latvia,Vidzeme
84.239.14.146:9002,Romania,Ilfov
84.239.49.224:9002,Romania,Ilfov
89.111.31.104:443,Latvia,Vidzeme
158.173.154.73:9002,Germany,Hesse
158.173.154.63:9002,Germany,Hesse
156.146.59.27:9002,United States,New York
84.239.49.246:9002,Romania,Ilfov
84.239.49.49:9002,Romania,Ilfov
156.146.59.37:9002,United States,New York
84.239.49.159:9002,Romania,Ilfov
89.111.31.245:443,Latvia,Vidzeme
45.134.217.151:8443,Germany,Hesse
84.239.49.221:9002,Romania,Ilfov
185.245.84.50:9443,Denmark,Denmark
84.239.49.220:9002,Romania,Ilfov
156.146.59.24:9002,United States,New York
138.199.35.197:9002,United States,California
89.208.247.176:8443,United States,California
84.239.14.168:9002,Romania,Ilfov
181.215.52.2:9443,Canada,Ontario
156.146.59.28:9002,United States,New York
84.239.49.199:9002,Romania,Ilfov
156.146.59.49:9002,United States,New York
84.239.49.252:9002,Romania,Ilfov
138.199.35.217:9002,United States,California
89.124.11.10:443,Republic of Lithuania,Vilnius County
84.239.49.42:9002,Romania,Ilfov
193.176.84.24:9002,Romania,Bucharest
84.239.49.202:9002,Romania,Ilfov
84.239.49.158:9002,Romania,Ilfov
193.176.84.31:9002,Romania,Bucharest
156.146.59.22:9002,United States,New York
138.199.35.210:9002,United States,California
84.17.47.126:9002,Netherlands,North Holland
37.203.37.109:443,Latvia,Vidzeme
193.176.84.33:9002,Romania,Bucharest
138.199.35.195:9002,United States,California
156.146.59.45:9002,United States,New York
158.173.154.49:9002,Germany,Hesse
84.239.14.171:9002,Romania,Ilfov
156.146.59.42:9002,United States,New York
84.239.49.168:9002,Romania,Ilfov
89.111.30.85:443,Latvia,Vidzeme
193.176.84.34:9002,Romania,Bucharest
84.239.49.227:9002,Romania,Ilfov
89.111.27.217:443,Latvia,Vidzeme
156.146.59.48:9002,United States,New York
13.126.187.20:1080,United States,Washington
158.173.154.71:9002,Germany,Hesse
47.243.181.85:41316,Taiwan,Taiwan Province
84.239.49.184:9002,Romania,Ilfov
138.199.35.218:9002,United States,California
203.25.108.72:443,Netherlands,North Holland
84.17.47.147:9002,Netherlands,North Holland
37.203.37.94:443,Latvia,Vidzeme
84.239.49.162:9002,Romania,Ilfov
51.159.225.197:19362,Netherlands,North Holland
149.126.16.38:443,Russia,Saint Petersburg
84.239.49.211:9002,Romania,Ilfov
78.12.230.52:8995,United States,Washington
156.146.59.38:9002,United States,New York
51.158.202.56:14287,Netherlands,North Holland
84.239.14.154:9002,Romania,Ilfov
84.239.49.181:9002,Romania,Ilfov
37.203.37.97:443,Latvia,Vidzeme
84.239.14.151:9002,Romania,Ilfov
156.146.59.21:9002,United States,New York
138.199.35.215:9002,United States,California
47.243.181.85:55005,Taiwan,
84.17.50.193:9443,United Kingdom,England
37.203.37.103:443,Latvia,Vidzeme
165.231.141.138:9443,Estonia,Harju maakond
138.199.35.216:9002,United States,California
84.239.49.206:9002,Romania,Ilfov
158.173.154.56:9002,Germany,Hesse
158.173.154.59:9002,Germany,Hesse
205.178.137.151:8447,United States,Georgia
47.243.181.85:41419,Japan,Tokyo
84.239.49.189:9002,Romania,Ilfov
23.106.249.54:6550,Singapore,Southeast
193.176.84.26:9002,Romania,Bucharest
89.111.28.74:443,Latvia,Vidzeme
89.111.30.86:443,Latvia,Vidzeme
84.239.14.160:9002,Romania,Ilfov
158.173.154.48:9002,Germany,Hesse
84.239.49.46:9002,Romania,Ilfov
84.239.49.57:9002,Romania,Ilfov
206.188.207.88:8447,United States,Georgia
205.178.186.174:8443,United States,Georgia
158.173.154.82:9002,Germany,Hesse
47.243.181.85:55007,Taiwan,Keelung City
37.120.210.146:9443,Japan,Tokyo
205.185.125.136:8888,United States,Nevada
47.243.181.85:41304,Taiwan,Kaohsiung City
193.176.84.32:9002,Romania,Bucharest
158.173.154.76:9002,Germany,Hesse
23.106.56.19:7579,United Kingdom,England
84.239.49.214:9002,Romania,Ilfov
193.176.84.36:9002,Romania,Bucharest
84.239.49.197:9002,Romania,Ilfov
84.239.49.245:9002,Romania,Ilfov
84.239.49.169:9002,Romania,Ilfov
84.239.49.163:9002,Romania,Ilfov
23.106.56.35:16927,United Kingdom,England
84.239.49.180:9002,Romania,Ilfov
158.173.154.50:9002,Germany,Hesse
37.203.37.104:443,Latvia,Vidzeme
84.239.49.167:9002,Romania,Ilfov
156.146.59.50:9002,United States,New York
193.176.84.25:9002,Romania,Bucharest
65.109.40.163:8443,Finland,Mainland Finland
158.173.154.81:9002,Germany,Hesse
156.146.59.39:9002,United States,New York
193.176.84.19:9002,Romania,Bucharest
185.219.157.126:443,Latvia,Vidzeme
158.173.154.80:9002,Germany,Hesse
206.188.212.107:8443,United States,Georgia
156.146.59.17:9002,United States,New York
206.188.209.180:8447,United States,Georgia
156.146.59.47:9002,United States,New York
51.158.204.46:21384,Netherlands,North Holland
84.239.49.194:9002,Romania,Ilfov
84.239.14.176:9002,Romania,Ilfov
151.115.78.51:443,Poland,Masovian Voivodeship
138.199.35.208:9002,United States,California
84.239.49.164:9002,Romania,Ilfov
193.176.84.27:9002,Romania,Bucharest
158.173.154.83:9002,Germany,Hesse
89.208.248.187:8443,United States,California
84.239.14.165:9002,Romania,Ilfov
156.146.59.36:9002,United States,New York
23.106.56.11:7714,United Kingdom,England
94.156.112.198:3129,Germany,Hesse
47.243.181.85:41296,Taiwan,Taichung City
138.199.35.214:9002,United States,California
47.243.181.85:41400,Japan,Osaka Prefecture
158.173.154.2:9002,Germany,Hesse
91.121.88.53:443,France,Hauts-de-France
84.17.47.125:9002,Netherlands,North Holland
84.239.14.162:9002,Romania,Ilfov
51.158.252.149:16684,Netherlands,North Holland
54.90.159.174:57825,Netherlands,North Holland
156.146.59.5:9002,United States,New York
47.243.181.85:41291,Taiwan,Taiwan Province
84.239.49.219:9002,Romania,Ilfov
84.239.49.196:9002,Romania,Ilfov
84.239.49.218:9002,Romania,Ilfov
43.208.129.50:5020,Germany,Berlin
47.243.181.85:41693,United States,California
193.176.84.39:9002,Romania,Bucharest
84.239.49.244:9002,Romania,Ilfov
138.199.35.211:9002,United States,California
84.17.47.149:9002,Netherlands,North Holland
84.239.49.225:9002,Romania,Ilfov
138.199.35.196:9002,United States,California
84.239.49.241:9002,Romania,Ilfov
128.199.195.19:8888,Singapore,Southeast
84.239.14.156:9002,Romania,Ilfov
180.166.128.182:24001,China,Shanghai
84.239.14.170:9002,Romania,Ilfov
89.111.28.77:443,Latvia,Vidzeme
46.229.243.211:443,Netherlands,North Holland
84.239.49.38:9002,Romania,Ilfov
138.199.35.206:9002,United States,California
138.199.35.220:9002,United States,California
47.243.181.85:41688,United States,Pennsylvania
84.239.14.155:9002,Romania,Ilfov
138.199.35.200:9002,United States,California
47.243.181.85:41799,Brazil,State of Rio de Janeiro
156.146.59.15:9002,United States,New York
156.146.59.35:9002,United States,New York
37.203.37.110:443,Latvia,Vidzeme
89.111.30.252:443,Latvia,Vidzeme
205.178.186.112:8447,United States,Georgia
